pdbid	chain	aminoacid	aano	depth_aa_complex	depth_aa_subunit	depth_diff_aa	conservation	abhilesh_potential_total	hotspot_nonhotspot
1CDL	A	F	12	5.49	4.66	0.83	0.391134757232147	5.399	0
1CDL	A	F	19	8.50	5.07	3.43	0.370093067003804	9.633	0
1CDL	A	F	92	8.12	5.07	3.05	0.411567671639234	5.506	1
1CDL	E	K	799	4.56	3.63	0.93	nan	9.559	0
1CDL	E	W	800	8.30	3.61	4.69	nan	21.051	1
1CDL	E	K	802	5.32	3.65	1.67	nan	5.728	0
1CDL	E	R	808	5.45	3.69	1.76	nan	15.402	0
1CDL	E	I	810	6.06	3.82	2.24	nan	19.133	1
1CDL	E	L	813	5.83	3.55	2.28	nan	17.192	1
1DFJ	E	K	7	5.09	4.42	0.67	0.206803535776708	6.699	1
1DVA	H	L	32	10.94	6.59	4.35	0.27358665973626	6.948	1
1DVA	H	L	34	7.99	5.30	2.69	0.179136260179594	10.131	1
1DVA	H	N	37	4.01	3.54	0.47	0.206514307421004	0.0	0
1DVA	H	I	65	6.50	5.07	1.43	0.0203277728408039	3.148	0
1DVA	H	V	67	9.51	5.21	4.3	0.0494825234821844	7.904	0
1DVA	H	E	70	9.48	6.10	3.38	0.0547345682621479	8.548	0
1DVA	H	L	73	8.41	4.00	4.41	0.0413537749608567	9.334	0
1DVA	H	S	74	4.03	3.63	0.4	0.105346187863647	0.0	0
1DVA	H	E	75	3.89	3.67	0.22	0.0376655315842107	0.0	0
1DVA	H	H	76	3.67	3.40	0.27	0.0334328673724616	6.088	1
1DVA	H	E	80	5.22	4.36	0.86	0.160628953876097	5.325	0
1DVA	H	S	82	3.86	3.63	0.23	0.0497525849170698	8.601	0
1DVA	H	L	144	6.11	4.31	1.8	0.153300174167174	3.922	0
1DVA	H	L	153	5.75	4.81	0.94	0.0339594633456685	7.535	0
1DVA	X	L	2	5.86	3.96	1.9	nan	21.194	1
1DVA	X	R	7	3.87	3.41	0.46	nan	6.088	0
1DVA	X	V	8	5.66	3.83	1.83	nan	4.858	0
1DVA	X	D	9	4.75	3.68	1.07	nan	8.012	0
1DVA	X	W	11	4.55	3.69	0.86	nan	13.743	1
1DVA	X	Y	12	8.06	4.34	3.72	nan	15.068	1
1DVA	X	F	15	5.04	3.68	1.36	nan	11.461	1
1DZI	A	N	154	5.10	3.57	1.53	0.207207015611035	3.19	0
1DZI	A	Y	157	5.09	4.17	0.92	0.27358072875065	0.0	1
1DZI	A	Q	215	4.45	3.89	0.56	0.310195050545279	0.0	1
1DZI	A	D	219	4.24	3.45	0.79	0.159245759648094	3.886	0
1DZI	A	L	220	5.43	4.48	0.95	0.363618682520671	2.945	0
1DZI	A	T	221	7.61	6.12	1.49	0.124854147264533	5.796	1
1DZI	A	E	256	4.64	4.04	0.6	0.122240822788276	7.843	0
1DZI	A	H	258	5.04	3.69	1.35	0.15115182056795	6.414	0
1EBP	A	F	93	4.62	3.56	1.06	0.238844615573614	10.543	1
1EBP	A	M	150	7.27	3.94	3.33	0.25517305918935	8.457	1
1EBP	A	T	151	4.58	3.99	0.59	0.197488758053026	4.997	0
1EBP	A	F	205	6.86	5.36	1.5	0.422688228381605	4.644	1
1EBP	C	L	11	4.07	3.49	0.58	nan	6.887	0
1EBP	C	T	12	4.72	3.74	0.98	nan	10.186	0
1EBP	C	W	13	6.87	3.65	3.22	nan	15.689	1
1ES7	A	F	49	6.53	3.70	2.83	0.217199539315401	14.189	0
1FCC	C	E	27	8.37	4.52	3.85	nan	7.797	1
1FCC	C	K	28	6.05	3.58	2.47	nan	21.579	0
1FCC	C	K	31	8.19	4.16	4.03	nan	13.549	1
1FCC	C	N	35	4.46	3.82	0.64	nan	10.556	0
1FCC	C	D	40	3.82	3.83	-0.01	nan	2.841	0
1FCC	C	E	42	3.97	3.67	0.3	nan	5.37	0
1FCC	C	W	43	7.37	4.44	2.93	nan	5.886	1
1FOE	B	S	41	4.72	3.70	1.02	0.050150816936195	14.162	0
1GL4	A	R	403	5.15	4.45	0.7	0.108747056300375	9.082	0
1GL4	A	D	427	5.76	4.21	1.55	0.123063710377504	9.925	1
1GL4	A	H	429	10.07	3.89	6.18	0.30990791670506	11.191	1
1GL4	A	Y	431	8.03	4.08	3.95	0.213144811142436	14.83	1
1GL4	A	Y	440	10.25	4.01	6.24	0.653067404583067	5.961	0
1GL4	A	E	616	3.77	3.65	0.12	0.219659788865292	3.223	1
1GL4	A	R	620	7.24	4.30	2.94	0.3516834030969	10.299	1
1JAT	A	E	55	5.99	4.62	1.37	0.165370981581567	7.818	1
1JAT	B	F	8	6.31	3.86	2.45	0.336768542885168	11.489	1
1LQB	D	M	561	3.71	3.28	0.43	nan	7.651	0
1LQB	D	L	562	4.33	3.46	0.87	nan	8.529	0
1MQ8	B	T	206	8.80	6.15	2.65	0.310022306155576	2.739	1
1NFI	F	Y	181	6.05	3.52	2.53	0.0915478256078502	17.701	1
1NFI	F	C	215	7.23	3.60	3.63	0.0792501388084673	2.914	0
1UB4	C	F	453	4.33	3.62	0.71	0.0994040735606126	8.765	0
1UB4	C	L	455	4.13	3.54	0.59	0.303502008232329	11.463	1
1UB4	C	L	458	5.74	3.84	1.9	0.212009227071351	9.938	1
2HHB	D	Y	35	5.70	4.77	0.93	0.260432164006933	6.46	0
1DDM	A	I	144	8.82	6.75	2.07	0.320911653902731	0.0	1
1DDM	A	E	145	5.66	4.06	1.6	0.206424874970494	7.032	1
1DDM	A	K	146	5.33	4.24	1.09	0.225416486091474	5.828	0
1DDM	A	S	148	6.40	4.94	1.46	0.360259609501336	0.0	0
1DDM	A	C	150	8.36	4.55	3.81	0.409650625504509	4.463	1
1DDM	A	R	165	6.04	4.75	1.29	0.33075528404089	3.947	0
1DDM	A	C	198	4.81	4.60	0.21	0.358379325385581	0.915	1
1DDM	B	F	2	5.38	3.58	1.8	nan	10.908	0
1DDM	B	S	3	4.46	3.75	0.71	nan	2.615	1
1DDM	B	N	4	7.05	3.70	3.35	nan	4.462	1
1DDM	B	M	5	4.38	3.76	0.62	nan	5.907	1
1DDM	B	S	6	4.63	3.67	0.96	nan	6.734	1
1DDM	B	F	7	4.61	3.93	0.68	nan	0.0	1
1DDM	B	E	8	4.12	3.74	0.38	nan	7.804	0
1DDM	B	F	10	4.97	3.73	1.24	nan	5.123	0
1K4U	P	R	368	5.17	3.85	1.32	nan	11.4	1
1K4U	P	L	373	4.97	4.54	0.43	nan	4.944	0
1K4U	P	I	374	8.02	5.33	2.69	nan	11.063	1
1K4U	P	R	377	4.32	3.88	0.44	nan	0.0	0
1K4U	P	T	382	8.14	4.55	3.59	nan	7.154	0
2NMB	A	M	99	4.67	4.38	0.29	0.58195044222656	0.0	1
2NMB	A	C	150	10.28	5.68	4.6	0.166231869102707	0.0	1
2NMB	B	Y	2	4.74	3.95	0.79	nan	6.836	0
2NMB	B	I	3	5.99	4.08	1.91	nan	7.866	0
3SAK	A	E	8	4.10	3.75	0.35	nan	0.0	0
3SAK	A	F	10	4.96	3.63	1.33	nan	7.547	1
3SAK	A	T	11	4.01	3.69	0.32	nan	4.087	0
3SAK	A	L	12	5.46	3.88	1.58	nan	8.549	1
3SAK	A	Q	13	4.15	3.69	0.46	nan	3.281	0
3SAK	A	I	14	7.87	4.94	2.93	nan	9.298	1
3SAK	A	R	15	4.82	3.73	1.09	nan	11.443	0
3SAK	A	R	17	4.09	3.77	0.32	nan	3.072	0
3SAK	A	R	19	5.41	4.51	0.9	nan	18.565	1
3SAK	A	F	20	5.84	4.54	1.3	nan	7.805	1
3SAK	A	F	23	8.47	4.82	3.65	nan	16.891	1
3SAK	A	L	26	8.50	4.34	4.16	nan	24.688	1
3SAK	A	N	27	6.38	4.42	1.96	nan	11.095	0
3SAK	A	L	30	6.96	4.24	2.72	nan	17.581	1
3SAK	A	D	34	4.63	4.14	0.49	nan	10.174	0
